"start","end","range","sequence","oligo_length","GC_of_sequence","max_Z_Score","log10_ZScore","at_content","gc_content","atgc_content","ISS","ISSeq","p53motif","p53motifeq","palindromic_sequence"
271,292,"271:292","TTGTGAGTACACACGCACCATT",22,45.45,1743.11,3.24,9.52,9.52,1.2,"FALSE",NA,"FALSE",NA,"NULL"
789,806,"789:806","GTAAGCCACACGTGTGAC",18,55.56,547.25,2.74,5.88,11.76,0.8,"FALSE",NA,"FALSE",NA,"CACACGTGTG"
2152,2170,"2152:2170","GGGCGCCACGTACGTGCTT",19,68.42,663.38,2.82,5.56,33.33,0.46,"TRUE","GGCGCC","FALSE",NA,"CACGTACGTG"
2432,2448,"2432:2448","AAGATCGTGTCCGCGCT",17,58.82,336.18,2.53,6.25,31.25,0.7,"FALSE",NA,"FALSE",NA,"NULL"
2983,3005,"2983:3005","TTCATGGGCACAGGCGGCCGTGC",23,69.57,255.71,2.41,4.55,27.27,0.44,"FALSE",NA,"FALSE",NA,"NULL"
3052,3073,"3052:3073","CTCGGGCTACGCGCGCCCCCCG",22,86.36,3019.33,3.48,4.76,42.86,0.16,"FALSE",NA,"FALSE",NA,"NULL"
3312,3334,"3312:3334","AAGCGCTCGGACGCGCATGCGAT",23,65.22,6762.24,3.83,9.09,45.45,0.53,"TRUE","AGCGCT","FALSE",NA,"CGCATGCG"
4045,4065,"4045:4065","GAGTGACTACGCGCGTGGCCT",21,66.67,2383.92,3.38,5,30,0.5,"FALSE",NA,"FALSE",NA,"ACGCGCGT"
4294,4307,"4294:4307","CCCACGGGCACCCG",14,85.71,285.8,2.46,0,23.08,0.17,"FALSE",NA,"FALSE",NA,"NULL"
4738,4757,"4738:4757","CCGGTCCATGCACGTGTCCG",20,70,894.22,2.95,5.26,21.05,0.43,"FALSE",NA,"FALSE",NA,"NULL"
6256,6267,"6256:6267","GGGCACACACTC",12,66.67,210.24,2.32,0,9.09,0.5,"FALSE",NA,"FALSE",NA,"NULL"
6498,6511,"6498:6511","GGCACACGTGGGGG",14,78.57,317.22,2.5,0,15.38,0.27,"FALSE",NA,"FALSE",NA,"NULL"
8300,8327,"8300:8327","GCGTGTGGGGGCTGACGCGTGCCCCCAC",28,78.57,945.98,2.98,0,25.93,0.27,"FALSE",NA,"FALSE",NA,"NULL"
10011,10031,"10011:10031","CGGCTCCGCCTGCGCAGGTGC",21,80.95,711.66,2.85,0,40,0.24,"FALSE",NA,"FALSE",NA,"CCTGCGCAGG"
11641,11658,"11641:11658","CTCCTGCACGTGAGCATG",18,61.11,341.29,2.53,5.88,17.65,0.64,"FALSE",NA,"FALSE",NA,"NULL"
13561,13576,"13561:13576","CCCACGCCCGTCCACG",16,81.25,496.6,2.7,0,26.67,0.23,"FALSE",NA,"FALSE",NA,"NULL"
13903,13923,"13903:13923","TCAGGCCATGCGCGCCCTGTC",21,71.43,907.71,2.96,5,30,0.4,"FALSE",NA,"FALSE",NA,"NULL"
14091,14113,"14091:14113","TTTGTCCCCACGCGCGCATAATG",23,56.52,10401.13,4.02,13.64,27.27,0.77,"FALSE",NA,"FALSE",NA,"NULL"
14505,14516,"14505:14516","CCTGCGCCCGGG",12,91.67,203.37,2.31,0,36.36,0.09,"FALSE",NA,"FALSE",NA,"NULL"
14662,14678,"14662:14678","CACACCCAGGCACACAC",17,64.71,228.49,2.36,0,6.25,0.55,"FALSE",NA,"FALSE",NA,"NULL"
14679,14694,"14679:14694","TACACACACCCACCCG",16,62.5,265.99,2.42,6.67,6.67,0.6,"FALSE",NA,"FALSE",NA,"NULL"
16633,16648,"16633:16648","CCCACGCCCGTCCACG",16,81.25,496.6,2.7,0,26.67,0.23,"FALSE",NA,"FALSE",NA,"NULL"
16975,16995,"16975:16995","TCAGGCCATGCGCGCCCTGTC",21,71.43,907.71,2.96,5,30,0.4,"FALSE",NA,"FALSE",NA,"NULL"
17163,17185,"17163:17185","TTTGTCCCCACGCGCGCATAATG",23,56.52,10401.13,4.02,13.64,27.27,0.77,"FALSE",NA,"FALSE",NA,"NULL"
17577,17588,"17577:17588","CCTGCGCCCGGG",12,91.67,203.37,2.31,0,36.36,0.09,"FALSE",NA,"FALSE",NA,"NULL"
17734,17750,"17734:17750","CACACCCAGGCACACAC",17,64.71,228.49,2.36,0,6.25,0.55,"FALSE",NA,"FALSE",NA,"NULL"
17751,17766,"17751:17766","TACACACACCCACCCG",16,62.5,265.99,2.42,6.67,6.67,0.6,"FALSE",NA,"FALSE",NA,"NULL"
19705,19720,"19705:19720","CCCACGCCCGTCCACG",16,81.25,496.6,2.7,0,26.67,0.23,"FALSE",NA,"FALSE",NA,"NULL"
20047,20067,"20047:20067","TCAGGCCATGCGCGCCCTGTC",21,71.43,907.71,2.96,5,30,0.4,"FALSE",NA,"FALSE",NA,"NULL"
20235,20257,"20235:20257","TTTGTCCCCACGCGCGCATAATG",23,56.52,10401.13,4.02,13.64,27.27,0.77,"FALSE",NA,"FALSE",NA,"NULL"
20649,20660,"20649:20660","CCTGCGCCCGGG",12,91.67,203.37,2.31,0,36.36,0.09,"FALSE",NA,"FALSE",NA,"NULL"
20806,20822,"20806:20822","CACACCCAGGCACACAC",17,64.71,228.49,2.36,0,6.25,0.55,"FALSE",NA,"FALSE",NA,"NULL"
20823,20838,"20823:20838","TACACACACCCACCCG",16,62.5,265.99,2.42,6.67,6.67,0.6,"FALSE",NA,"FALSE",NA,"NULL"
22777,22792,"22777:22792","CCCACGCCCGTCCACG",16,81.25,496.6,2.7,0,26.67,0.23,"FALSE",NA,"FALSE",NA,"NULL"
23119,23139,"23119:23139","TCAGGCCATGCGCGCCCTGTC",21,71.43,907.71,2.96,5,30,0.4,"FALSE",NA,"FALSE",NA,"NULL"
23307,23329,"23307:23329","TTTGTCCCCACGCGCGCATAATG",23,56.52,10401.13,4.02,13.64,27.27,0.77,"FALSE",NA,"FALSE",NA,"NULL"
23721,23732,"23721:23732","CCTGCGCCCGGG",12,91.67,203.37,2.31,0,36.36,0.09,"FALSE",NA,"FALSE",NA,"NULL"
23878,23894,"23878:23894","CACACCCAGGCACACAC",17,64.71,228.49,2.36,0,6.25,0.55,"FALSE",NA,"FALSE",NA,"NULL"
23895,23910,"23895:23910","TACACACACCCACCCG",16,62.5,265.99,2.42,6.67,6.67,0.6,"FALSE",NA,"FALSE",NA,"NULL"
25849,25864,"25849:25864","CCCACGCCCGTCCACG",16,81.25,496.6,2.7,0,26.67,0.23,"FALSE",NA,"FALSE",NA,"NULL"
26191,26211,"26191:26211","TCAGGCCATGCGCGCCCTGTC",21,71.43,907.71,2.96,5,30,0.4,"FALSE",NA,"FALSE",NA,"NULL"
26379,26401,"26379:26401","TTTGTCCCCACGCGCGCATAATG",23,56.52,10401.13,4.02,13.64,27.27,0.77,"FALSE",NA,"FALSE",NA,"NULL"
26793,26804,"26793:26804","CCTGCGCCCGGG",12,91.67,203.37,2.31,0,36.36,0.09,"FALSE",NA,"FALSE",NA,"NULL"
26950,26966,"26950:26966","CACACCCAGGCACACAC",17,64.71,228.49,2.36,0,6.25,0.55,"FALSE",NA,"FALSE",NA,"NULL"
26967,26982,"26967:26982","TACACACACCCACCCG",16,62.5,265.99,2.42,6.67,6.67,0.6,"FALSE",NA,"FALSE",NA,"NULL"
28921,28936,"28921:28936","CCCACGCCCGTCCACG",16,81.25,496.6,2.7,0,26.67,0.23,"FALSE",NA,"FALSE",NA,"NULL"
29263,29283,"29263:29283","TCAGGCCATGCGCGCCCTGTC",21,71.43,907.71,2.96,5,30,0.4,"FALSE",NA,"FALSE",NA,"NULL"
29451,29473,"29451:29473","TTTGTCCCCACGCGCGCATAATG",23,56.52,10401.13,4.02,13.64,27.27,0.77,"FALSE",NA,"FALSE",NA,"NULL"
29865,29876,"29865:29876","CCTGCGCCCGGG",12,91.67,203.37,2.31,0,36.36,0.09,"FALSE",NA,"FALSE",NA,"NULL"
30022,30038,"30022:30038","CACACCCAGGCACACAC",17,64.71,228.49,2.36,0,6.25,0.55,"FALSE",NA,"FALSE",NA,"NULL"
30039,30054,"30039:30054","TACACACACCCACCCG",16,62.5,265.99,2.42,6.67,6.67,0.6,"FALSE",NA,"FALSE",NA,"NULL"
31993,32008,"31993:32008","CCCACGCCCGTCCACG",16,81.25,496.6,2.7,0,26.67,0.23,"FALSE",NA,"FALSE",NA,"NULL"
32335,32355,"32335:32355","TCAGGCCATGCGCGCCCTGTC",21,71.43,907.71,2.96,5,30,0.4,"FALSE",NA,"FALSE",NA,"NULL"
32523,32545,"32523:32545","TTTGTCCCCACGCGCGCATAATG",23,56.52,10401.13,4.02,13.64,27.27,0.77,"FALSE",NA,"FALSE",NA,"NULL"
32937,32948,"32937:32948","CCTGCGCCCGGG",12,91.67,203.37,2.31,0,36.36,0.09,"FALSE",NA,"FALSE",NA,"NULL"
33094,33110,"33094:33110","CACACCCAGGCACACAC",17,64.71,228.49,2.36,0,6.25,0.55,"FALSE",NA,"FALSE",NA,"NULL"
33111,33126,"33111:33126","TACACACACCCACCCG",16,62.5,265.99,2.42,6.67,6.67,0.6,"FALSE",NA,"FALSE",NA,"NULL"
35065,35080,"35065:35080","CCCACGCCCGTCCACG",16,81.25,496.6,2.7,0,26.67,0.23,"FALSE",NA,"FALSE",NA,"NULL"
35864,35877,"35864:35877","AGGGACGCGTGTTA",14,57.14,213.28,2.33,7.69,23.08,0.75,"FALSE",NA,"FALSE",NA,"NULL"
36173,36193,"36173:36193","TTCTAAGCACCCGCGCTTGTG",21,57.14,842.36,2.93,5,25,0.75,"FALSE",NA,"FALSE",NA,"NULL"
36943,36960,"36943:36960","CACCACCACGCATGCATC",18,61.11,578.4,2.76,11.76,17.65,0.64,"FALSE",NA,"FALSE",NA,"NULL"
40067,40078,"40067:40078","GGGCGTGCCCCG",12,91.67,216.8,2.34,0,36.36,0.09,"FALSE",NA,"FALSE",NA,"NULL"
40308,40319,"40308:40319","GCGCGCCCCGTT",12,83.33,418.1,2.62,0,54.55,0.2,"FALSE",NA,"FALSE",NA,"NULL"
40466,40479,"40466:40479","AGGTGTGCACCCCC",14,71.43,258.63,2.41,0,7.69,0.4,"FALSE",NA,"FALSE",NA,"NULL"
41152,41167,"41152:41167","GCACCCCGCGTGCCTT",16,75,380.84,2.58,0,33.33,0.33,"FALSE",NA,"FALSE",NA,"NULL"
42133,42150,"42133:42150","GACAGTCGTGTGCATGGA",18,55.56,503,2.7,5.88,11.76,0.8,"FALSE",NA,"FALSE",NA,"NULL"
42375,42396,"42375:42396","AAGCCTTGGGCGCGCGTTGGCC",22,72.73,2486.37,3.4,0,38.1,0.38,"TRUE","GGCGCGCGTT","FALSE",NA,"NULL"
42405,42426,"42405:42426","CTGGTGCATGCATGCCTGCAGG",22,63.64,721.14,2.86,9.52,19.05,0.57,"FALSE",NA,"FALSE",NA,"TGCATGCA, GCATGCATGC, CCTGCAGG"
42979,42996,"42979:42996","GTGTAAGCACACACGTAA",18,44.44,464.92,2.67,11.76,11.76,1.25,"FALSE",NA,"FALSE",NA,"NULL"
44707,44720,"44707:44720","CGTGGATGCGCAGG",14,71.43,321.36,2.51,7.69,30.77,0.4,"FALSE",NA,"FALSE",NA,"NULL"
46696,46713,"46696:46713","TCCGGGGCGCATGTGTTC",18,66.67,424.88,2.63,5.88,23.53,0.5,"FALSE",NA,"FALSE",NA,"NULL"
47431,47442,"47431:47442","CGGACACGCGAG",12,75,292.23,2.47,0,36.36,0.33,"FALSE",NA,"FALSE",NA,"NULL"
47443,47462,"47443:47462","ACTCGCCGTATGCGCGGGAG",20,70,1181.58,3.07,10.53,36.84,0.43,"FALSE",NA,"FALSE",NA,"NULL"
47476,47489,"47476:47489","GAACACGTGCCCCC",14,71.43,248.17,2.39,0,15.38,0.4,"FALSE",NA,"FALSE",NA,"NULL"
47554,47567,"47554:47567","GCACGGGTGCTGGC",14,78.57,223,2.35,0,30.77,0.27,"FALSE",NA,"FALSE",NA,"NULL"
48483,48496,"48483:48496","ACGGGCGGGGGCGT",14,85.71,206.17,2.31,0,38.46,0.17,"FALSE",NA,"FALSE",NA,"NULL"
48817,48830,"48817:48830","GCGGCCGTGTGTAC",14,71.43,241.52,2.38,7.69,30.77,0.4,"FALSE",NA,"FALSE",NA,"NULL"
48882,48899,"48882:48899","CCGAGCGCCCGCTCGGGC",18,88.89,361.59,2.56,0,47.06,0.12,"TRUE","AGCGCC","FALSE",NA,"NULL"
49002,49015,"49002:49015","CGCACTTGCATGCG",14,64.29,498.37,2.7,7.69,38.46,0.56,"FALSE",NA,"FALSE",NA,"NULL"
49120,49131,"49120:49131","AGGACGCCCGCG",12,83.33,245.72,2.39,0,45.45,0.2,"TRUE","GACGCC","FALSE",NA,"NULL"
49183,49196,"49183:49196","AGCGGTGTGCGGGC",14,78.57,324.88,2.51,0,38.46,0.27,"FALSE",NA,"FALSE",NA,"NULL"
49718,49737,"49718:49737","CCGCCCCACGCGGGGCACGT",20,85,819.49,2.91,0,36.84,0.18,"FALSE",NA,"FALSE",NA,"NULL"
50142,50165,"50142:50165","GCGGGATAGCGTGCGCTACCGGAT",24,66.67,560.77,2.75,17.39,34.78,0.5,"FALSE",NA,"FALSE",NA,"NULL"
50291,50309,"50291:50309","CTCGGGCCGCGCGCCAGGC",19,89.47,446.29,2.65,0,50,0.12,"FALSE",NA,"FALSE",NA,"NULL"
50372,50394,"50372:50394","AGGGAGAGACACGCGCGGCGGAG",23,73.91,1690.32,3.23,0,31.82,0.35,"FALSE",NA,"FALSE",NA,"NULL"
50572,50593,"50572:50593","CAACTGGGGTGTGCGCCGGGGC",22,77.27,433,2.64,0,23.81,0.29,"FALSE",NA,"FALSE",NA,"NULL"
50694,50713,"50694:50713","GCCACCACGGGCGCACGGGG",20,85,3294.97,3.52,0,31.58,0.18,"FALSE",NA,"FALSE",NA,"NULL"
52261,52272,"52261:52272","GCGGGCGCAATG",12,75,208.46,2.32,9.09,45.45,0.33,"FALSE",NA,"FALSE",NA,"NULL"
52304,52319,"52304:52319","GAAGCACCGGCGTGCG",16,75,324.22,2.51,0,40,0.33,"FALSE",NA,"FALSE",NA,"NULL"
52330,52352,"52330:52352","TGCAGGCTCGGGCGCGGGCCGTA",23,78.26,469.55,2.67,4.55,40.91,0.28,"FALSE",NA,"FALSE",NA,"NULL"
52475,52496,"52475:52496","GGTGAGGCGGCGCGCGTCTTCC",22,77.27,1634.11,3.21,0,38.1,0.29,"TRUE","GGCGCGCGTC","FALSE",NA,"NULL"
52786,52801,"52786:52801","TGAGACTGGCGTGCGC",16,68.75,1233.45,3.09,0,33.33,0.45,"FALSE",NA,"FALSE",NA,"NULL"
53760,53780,"53760:53780","AGCCAGGCACCCGCGCCCCCA",21,80.95,1264.19,3.1,0,30,0.24,"FALSE",NA,"FALSE",NA,"NULL"
54470,54487,"54470:54487","CTGGCGCGTCTGCGCGAG",18,77.78,2101.15,3.32,0,47.06,0.29,"TRUE","GGCGCGTC","FALSE",NA,"NULL"
54889,54902,"54889:54902","CTGGGCGTGCCCCC",14,85.71,281.03,2.45,0,23.08,0.17,"FALSE",NA,"FALSE",NA,"NULL"
55391,55408,"55391:55408","CACTAGGCGCGCTGGCTC",18,72.22,274.31,2.44,5.88,35.29,0.38,"TRUE","GGCGCGCT","FALSE",NA,"NULL"
55872,55883,"55872:55883","GTGCGGAGGCGC",12,83.33,201.14,2.3,0,45.45,0.2,"FALSE",NA,"FALSE",NA,"NULL"
56222,56252,"56222:56252","CGCCGTACACCTGCGCACGTGCAGGGCCGCA",31,74.19,7093.03,3.85,3.33,36.67,0.35,"FALSE",NA,"FALSE",NA,"GCACGTGC"
56450,56474,"56450:56474","GGGGACGTCCACGTGCGGGCCCCTG",25,80,1188.84,3.08,0,20.83,0.25,"TRUE","GACGTC","FALSE",NA,"GGACGTCC"
57884,57901,"57884:57901","CGGAACGTGGGTGCGTGG",18,72.22,961.05,2.98,0,23.53,0.38,"FALSE",NA,"FALSE",NA,"NULL"
58544,58559,"58544:58559","ATGCACGCAAGTGTAC",16,50,213,2.33,13.33,20,1,"FALSE",NA,"FALSE",NA,"NULL"
58570,58583,"58570:58583","GTGCCCCCACGTAC",14,71.43,246.53,2.39,7.69,15.38,0.4,"FALSE",NA,"FALSE",NA,"NULL"
58593,58608,"58593:58608","TCGTGCGCATAGGTGC",16,62.5,763.23,2.88,13.33,33.33,0.6,"FALSE",NA,"FALSE",NA,"NULL"
58845,58868,"58845:58868","CGGTATATGTGCACGCGCCCACCG",24,66.67,11101.04,4.05,17.39,30.43,0.5,"FALSE",NA,"FALSE",NA,"NULL"
59174,59193,"59174:59193","CCTGATTCCGCGCACGGGGC",20,75,2297.06,3.36,5.26,31.58,0.33,"FALSE",NA,"FALSE",NA,"NULL"
59328,59351,"59328:59351","AGGGGGGTACGTGTGTGCCTCCGC",24,70.83,1520.48,3.18,4.35,17.39,0.41,"FALSE",NA,"FALSE",NA,"NULL"
59884,59897,"59884:59897","GCGGGTGTGTATGT",14,57.14,245.23,2.39,15.38,15.38,0.75,"FALSE",NA,"FALSE",NA,"NULL"
60034,60047,"60034:60047","CGCCTGGGTGCGGG",14,85.71,267.06,2.43,0,30.77,0.17,"FALSE",NA,"FALSE",NA,"NULL"
60058,60073,"60058:60073","GGTGGTGGGCGGGCGT",16,81.25,317.66,2.5,0,26.67,0.23,"FALSE",NA,"FALSE",NA,"NULL"
61176,61198,"61176:61198","GGCCGGATCCGCGCGCGCCGTTT",23,78.26,10263.19,4.01,4.55,50,0.28,"FALSE",NA,"FALSE",NA,"CGGATCCG, CGCGCGCG, GCGCGCGC"
61593,61610,"61593:61610","CCGGGCCACACGGGCGAA",18,77.78,324.88,2.51,0,29.41,0.29,"FALSE",NA,"FALSE",NA,"NULL"
61851,61866,"61851:61866","CTCCTGCACACGAGCG",16,68.75,363.59,2.56,0,26.67,0.45,"FALSE",NA,"FALSE",NA,"NULL"
62067,62087,"62067:62087","GGCCTCCGCGTACACGCCCAG",21,76.19,2131.66,3.33,5,30,0.31,"FALSE",NA,"FALSE",NA,"NULL"
62487,62507,"62487:62507","GATGCGCCGGTACGCGGCCGC",21,80.95,336.41,2.53,10,50,0.24,"FALSE",NA,"FALSE",NA,"GCGGCCGC"
62796,62820,"62796:62820","AGGCATCAGCGCGCGCAGGCGGGCA",25,76,16602.3,4.22,4.17,45.83,0.32,"FALSE",NA,"FALSE",NA,"GCGCGCGC"
62850,62869,"62850:62869","ACGCGTCACGCGGGCGAGCC",20,80,1130.33,3.05,0,47.37,0.25,"FALSE",NA,"FALSE",NA,"CGCGTCACGCG"
63076,63097,"63076:63097","GTTGAGGAACACGCGCAGGCCT",22,63.64,1114.92,3.05,0,23.81,0.57,"FALSE",NA,"FALSE",NA,"NULL"
63120,63134,"63120:63134","CTGGCGCGCAGGGCT",15,80,282.54,2.45,0,42.86,0.25,"FALSE",NA,"FALSE",NA,"NULL"
63723,63744,"63723:63744","CCCCGCCGATGCGCGCCTCTAT",22,72.73,460.35,2.66,14.29,38.1,0.38,"FALSE",NA,"FALSE",NA,"NULL"
65373,65390,"65373:65390","CTGGCGGTGCGGGCACAG",18,77.78,378.47,2.58,0,29.41,0.29,"FALSE",NA,"FALSE",NA,"NULL"
66021,66032,"66021:66032","CATGTGCGTCTG",12,58.33,201,2.3,9.09,18.18,0.71,"FALSE",NA,"FALSE",NA,"NULL"
66218,66240,"66218:66240","AGATGCCGCGCGGGCCAGCACGC",23,78.26,640.11,2.81,4.55,45.45,0.28,"FALSE",NA,"FALSE",NA,"CCGCGCGG"
66488,66499,"66488:66499","GTGTGTGCCCGG",12,75,248.17,2.39,0,18.18,0.33,"FALSE",NA,"FALSE",NA,"NULL"
66620,66640,"66620:66640","GTTGTTGTACGTGCGTGATCA",21,47.62,1295.76,3.11,10,15,1.1,"FALSE",NA,"FALSE",NA,"NULL"
67178,67193,"67178:67193","GCTCCACACCCGCGCT",16,75,450.08,2.65,0,33.33,0.33,"FALSE",NA,"FALSE",NA,"NULL"
67762,67779,"67762:67779","CCAACGCAGGCACGGCCG",18,77.78,285.6,2.46,0,35.29,0.29,"FALSE",NA,"FALSE",NA,"NULL"
67876,67899,"67876:67899","TTGCCTACGGGCGCACCTGTGTCC",24,66.67,635.01,2.8,4.35,21.74,0.5,"FALSE",NA,"FALSE",NA,"NULL"
68135,68154,"68135:68154","GCAGAAGTGGGCACGCCAGC",20,70,352.98,2.55,0,26.32,0.43,"FALSE",NA,"FALSE",NA,"NULL"
68957,68977,"68957:68977","GGCAGACACACGTGTACAGGC",21,61.9,702.84,2.85,5,15,0.62,"FALSE",NA,"FALSE",NA,"ACACGTGT"
69529,69549,"69529:69549","GTGTTGCATGTGCACGCAGAG",21,57.14,3564.93,3.55,5,20,0.75,"FALSE",NA,"FALSE",NA,"NULL"
70547,70564,"70547:70564","GGCAGTCACGTGTGTGAG",18,61.11,569.72,2.76,0,11.76,0.64,"FALSE",NA,"FALSE",NA,"NULL"
71008,71029,"71008:71029","ATCGCCTGCATGCGTGCATCCA",22,59.09,4210.11,3.62,14.29,28.57,0.69,"FALSE",NA,"FALSE",NA,"NULL"
72072,72091,"72072:72091","CTGGAGGCGGGCACGCTGAT",20,70,977.12,2.99,5.26,26.32,0.43,"FALSE",NA,"FALSE",NA,"NULL"
72529,72545,"72529:72545","GCCAGCCCACGTGCAGT",17,70.59,311.87,2.49,0,25,0.42,"FALSE",NA,"FALSE",NA,"NULL"
72747,72764,"72747:72764","TTGTGACGCATGCGGCGC",18,66.67,520.51,2.72,5.88,41.18,0.5,"FALSE",NA,"FALSE",NA,"CGCATGCG"
72880,72895,"72880:72895","TTCCCGTGCATATGCA",16,50,368.65,2.57,20,20,1,"FALSE",NA,"FALSE",NA,"TGCATATGCA"
73459,73484,"73459:73484","CATCCGCGTGCCAGCGCGCGAGCTCC",26,76.92,3655.02,3.56,4,44,0.3,"FALSE",NA,"FALSE",NA,"NULL"
73597,73615,"73597:73615","GCTGGACACGCACATGCTC",19,63.16,997.99,3,5.56,22.22,0.58,"FALSE",NA,"FALSE",NA,"NULL"
73638,73657,"73638:73657","AAGTAGGTGCGCATGTGCTC",20,55,2606.23,3.42,10.53,21.05,0.82,"FALSE",NA,"FALSE",NA,"NULL"
73770,73784,"73770:73784","CACTGTGCGTGGGCC",15,73.33,347.2,2.54,0,21.43,0.36,"FALSE",NA,"FALSE",NA,"NULL"
74255,74285,"74255:74285","GGGCGTGAGCGAGCGCAGGGCCCCCGCGCGA",31,83.87,658.55,2.82,0,43.33,0.19,"FALSE",NA,"FALSE",NA,"NULL"
75120,75131,"75120:75131","GTGCCTGGGCGC",12,83.33,205.23,2.31,0,36.36,0.2,"FALSE",NA,"FALSE",NA,"NULL"
76027,76042,"76027:76042","CGGGTGGGCGGGCATA",16,75,200.48,2.3,13.33,26.67,0.33,"FALSE",NA,"FALSE",NA,"NULL"
76163,76176,"76163:76176","GCGTATGTGTGGAC",14,57.14,228.34,2.36,15.38,15.38,0.75,"FALSE",NA,"FALSE",NA,"NULL"
77062,77083,"77062:77083","CACCCGACGTGCCCGCTCCCGC",22,81.82,369.67,2.57,0,33.33,0.22,"FALSE",NA,"FALSE",NA,"NULL"
81027,81038,"81027:81038","CGTGCGTATGGG",12,66.67,430.28,2.63,18.18,27.27,0.5,"FALSE",NA,"FALSE",NA,"NULL"
81533,81547,"81533:81547","GGCGTGTGCACCAGT",15,66.67,1131.19,3.05,0,21.43,0.5,"FALSE",NA,"FALSE",NA,"NULL"
81753,81775,"81753:81775","GGCATTAGACGCGCGCGGGAGCG",23,73.91,10019.77,4,9.09,45.45,0.35,"FALSE",NA,"FALSE",NA,"CGCGCGCG"
81822,81841,"81822:81841","CAGATGTCCGTGCGTGACCG",20,65,622.68,2.79,5.26,21.05,0.54,"FALSE",NA,"FALSE",NA,"NULL"
83683,83694,"83683:83694","CGCACGCATAAC",12,58.33,356.64,2.55,18.18,36.36,0.71,"FALSE",NA,"FALSE",NA,"NULL"
83770,83787,"83770:83787","GAGGGCACGCGGCATGCA",18,72.22,330.25,2.52,5.88,35.29,0.38,"FALSE",NA,"FALSE",NA,"NULL"
84145,84163,"84145:84163","GCCTATGCCCGCGGGCAGG",19,78.95,416.05,2.62,11.11,33.33,0.27,"FALSE",NA,"FALSE",NA,"TGCCCGCGGGCA"
85206,85217,"85206:85217","GTGGGCACCCGC",12,83.33,293.42,2.47,0,27.27,0.2,"FALSE",NA,"FALSE",NA,"NULL"
85300,85315,"85300:85315","GCGCCCACTCCCACGC",16,81.25,231.67,2.36,0,33.33,0.23,"FALSE",NA,"FALSE",NA,"NULL"
85360,85375,"85360:85375","GCGCCCACTCCCACGC",16,81.25,231.67,2.36,0,33.33,0.23,"FALSE",NA,"FALSE",NA,"NULL"
85580,85593,"85580:85593","TTGTGCAGGCGCCT",14,64.29,273.21,2.44,0,30.77,0.56,"TRUE","GGCGCC","FALSE",NA,"AGGCGCCT"
85674,85689,"85674:85689","GACACAGGCACCCACG",16,68.75,226.24,2.35,0,13.33,0.45,"FALSE",NA,"FALSE",NA,"NULL"
86482,86495,"86482:86495","GGCCCACGTGTGAC",14,71.43,258.63,2.41,0,15.38,0.4,"FALSE",NA,"FALSE",NA,"NULL"
87133,87154,"87133:87154","ATCCATATCACGCGCGGAGAGG",22,59.09,1681.03,3.23,19.05,23.81,0.69,"FALSE",NA,"FALSE",NA,"NULL"
87384,87395,"87384:87395","CGTGTGCCTGCA",12,66.67,355.17,2.55,0,27.27,0.5,"FALSE",NA,"FALSE",NA,"NULL"
88602,88620,"88602:88620","CCTGTGCATGGGCACACCC",19,68.42,586.38,2.77,5.56,11.11,0.46,"FALSE",NA,"FALSE",NA,"NULL"
90383,90400,"90383:90400","GGTTTCCGTGTGCGTCGT",18,61.11,421.33,2.62,0,23.53,0.64,"FALSE",NA,"FALSE",NA,"NULL"
91825,91843,"91825:91843","TGGGGCCCGCAGGCGCGGG",19,89.47,1418.62,3.15,0,38.89,0.12,"FALSE",NA,"FALSE",NA,"NULL"
92128,92147,"92128:92147","TGACAGCAGGCACGCGGGAA",20,65,575.91,2.76,0,26.32,0.54,"FALSE",NA,"FALSE",NA,"NULL"
92401,92422,"92401:92422","GATGGCCGCGCGGTCCACGCCC",22,81.82,255.54,2.41,4.76,38.1,0.22,"FALSE",NA,"FALSE",NA,"CCGCGCGG"
92436,92453,"92436:92453","AGGTGTAGGCCCGCACCC",18,72.22,264.39,2.42,5.88,17.65,0.38,"FALSE",NA,"FALSE",NA,"NULL"
93488,93505,"93488:93505","CCGTGCGCCTGGCGCGGG",18,88.89,362.59,2.56,0,47.06,0.12,"FALSE",NA,"FALSE",NA,"GCGCCTGGCGC"
93657,93668,"93657:93668","GCATGCGCCTCT",12,66.67,213,2.33,9.09,36.36,0.5,"FALSE",NA,"FALSE",NA,"NULL"
94630,94649,"94630:94649","CTGTTTTCGCACGCACCTTA",20,50,600.1,2.78,5.26,21.05,1,"FALSE",NA,"FALSE",NA,"NULL"
95157,95170,"95157:95170","CGCGGGGGCATGGG",14,85.71,277.09,2.44,7.69,30.77,0.17,"FALSE",NA,"FALSE",NA,"NULL"
98098,98109,"98098:98109","GAGCACGTGTGG",12,66.67,200.87,2.3,0,18.18,0.5,"FALSE",NA,"FALSE",NA,"NULL"
98471,98488,"98471:98488","GTCTAGACGCGTGGGCCT",18,66.67,350.08,2.54,5.88,23.53,0.5,"FALSE",NA,"FALSE",NA,"GTCTAGAC"
98538,98557,"98538:98557","GCCCGGCTCGCACGCAGACA",20,75,583.43,2.77,0,36.84,0.33,"FALSE",NA,"FALSE",NA,"NULL"
98607,98626,"98607:98626","GTTAAAAGCGTGCGTGTTTA",20,40,1596.08,3.2,10.53,21.05,1.5,"FALSE",NA,"FALSE",NA,"NULL"
99237,99257,"99237:99257","CCCGACCACGCACCCGGGCAC",21,80.95,741.04,2.87,0,25,0.24,"FALSE",NA,"FALSE",NA,"NULL"
99550,99568,"99550:99568","CCAGTAGTGCGCGTGAGTT",19,57.89,634.09,2.8,5.56,22.22,0.73,"FALSE",NA,"FALSE",NA,"NULL"
99906,99923,"99906:99923","AGCCTGGGCATGCGTGAA",18,61.11,482.01,2.68,5.88,23.53,0.64,"FALSE",NA,"FALSE",NA,"NULL"
100334,100352,"100334:100352","ATCCCACGTACGCCCGGGC",19,73.68,954.56,2.98,11.11,27.78,0.36,"FALSE",NA,"FALSE",NA,"GCCCGGGC"
100840,100867,"100840:100867","CGGTTCCCCGCGCGGCACGCCCCTGCCC",28,85.71,1034.11,3.01,0,37.04,0.17,"FALSE",NA,"FALSE",NA,"CCGCGCGG"
102125,102138,"102125:102138","TCATTGCACGTACG",14,50,274.86,2.44,15.38,23.08,1,"FALSE",NA,"FALSE",NA,"NULL"
102199,102216,"102199:102216","ATGACTCGTGTGCGAGCC",18,61.11,404.03,2.61,5.88,23.53,0.64,"FALSE",NA,"FALSE",NA,"NULL"
102262,102279,"102262:102279","TGACCGTGCGTGACCTGC",18,66.67,366.62,2.56,0,23.53,0.5,"FALSE",NA,"FALSE",NA,"NULL"
103631,103650,"103631:103650","CTGCCCCGCGAGCGCGACCG",20,85,844.25,2.93,0,47.37,0.18,"FALSE",NA,"FALSE",NA,"NULL"
103716,103739,"103716:103739","AGTAAGCCTGCGCGTGACCCCCCG",24,70.83,710.1,2.85,4.35,26.09,0.41,"FALSE",NA,"FALSE",NA,"NULL"
103997,104008,"103997:104008","AGATGTGCGCCC",12,66.67,218.65,2.34,9.09,27.27,0.5,"FALSE",NA,"FALSE",NA,"NULL"
104238,104255,"104238:104255","GCTGAAGCGCGCCCCATC",18,72.22,407.71,2.61,5.88,35.29,0.38,"TRUE","AGCGCGCC","FALSE",NA,"NULL"
104654,104675,"104654:104675","AGGGGGCCGGGCGCGCTCCGTC",22,86.36,658.55,2.82,0,38.1,0.16,"TRUE","GGCGCGCT","FALSE",NA,"NULL"
104974,104992,"104974:104992","AGGCACCCGGGCCCGCGTC",19,84.21,746.52,2.87,0,33.33,0.19,"FALSE",NA,"FALSE",NA,"CGGGCCCG"
105321,105332,"105321:105332","GCGGCCGCGTGT",12,83.33,266.34,2.43,0,54.55,0.2,"FALSE",NA,"FALSE",NA,"GCGGCCGC"
105420,105441,"105420:105441","GTTTGCGCGTCCCGCGCCTGCC",22,77.27,1103.09,3.04,0,42.86,0.29,"FALSE",NA,"FALSE",NA,"NULL"
105539,105561,"105539:105561","TGTGGCCTCCGCGCGCCCGACCA",23,78.26,3570.86,3.55,0,36.36,0.28,"FALSE",NA,"FALSE",NA,"NULL"
105592,105613,"105592:105613","CGCCTTCCCGCGTGCAAACGTG",22,68.18,668.72,2.83,0,33.33,0.47,"FALSE",NA,"FALSE",NA,"NULL"
105681,105698,"105681:105698","CCTGACCGCGCGTCGAGG",18,77.78,253.34,2.4,0,35.29,0.29,"FALSE",NA,"FALSE",NA,"NULL"
107341,107366,"107341:107366","GTTCTACACGCCTGCGCATGTGTGAC",26,57.69,4522.72,3.66,8,20,0.73,"FALSE",NA,"FALSE",NA,"NULL"
107904,107935,"107904:107935","TAGGCCCTCGCGCACGCCATCACCCGGGCGCA",32,75,2256.73,3.35,6.45,35.48,0.33,"FALSE",NA,"FALSE",NA,"NULL"
108360,108378,"108360:108378","ATCACCCGCACCCGCACCC",19,73.68,801.44,2.9,5.56,22.22,0.36,"FALSE",NA,"FALSE",NA,"NULL"
108703,108722,"108703:108722","TATTGTCTGCGTACGCTTTC",20,45,540.62,2.73,15.79,21.05,1.22,"FALSE",NA,"FALSE",NA,"GCGTACGC"
109506,109521,"109506:109521","GCGGATGCGTCCCCGC",16,81.25,243.12,2.39,6.67,40,0.23,"FALSE",NA,"FALSE",NA,"NULL"
110206,110225,"110206:110225","GTGACATCCACGCACGGACT",20,60,583.43,2.77,5.26,15.79,0.67,"FALSE",NA,"FALSE",NA,"NULL"
110451,110468,"110451:110468","CGTCTGCGCCCCCACGGG",18,83.33,323.12,2.51,0,29.41,0.2,"FALSE",NA,"FALSE",NA,"NULL"
111037,111054,"111037:111054","TCTGCATGTGCATACACG",18,50,1264.19,3.1,17.65,17.65,1,"FALSE",NA,"FALSE",NA,"NULL"
111576,111595,"111576:111595","ATCTGTCACGTGCGCTCACA",20,55,809.21,2.91,5.26,21.05,0.82,"FALSE",NA,"FALSE",NA,"NULL"
111868,111881,"111868:111881","GGCACACACGAGTG",14,64.29,221.68,2.35,0,15.38,0.56,"FALSE",NA,"FALSE",NA,"NULL"
111973,111991,"111973:111991","TCCAGTCACGCACGTCCAA",19,57.89,622.68,2.79,0,16.67,0.73,"FALSE",NA,"FALSE",NA,"NULL"
111995,112010,"111995:112010","CAGGGCATACACACAC",16,56.25,367.63,2.57,13.33,6.67,0.78,"FALSE",NA,"FALSE",NA,"NULL"
112592,112607,"112592:112607","CCCATACCTGCGGGCG",16,75,205.63,2.31,13.33,26.67,0.33,"FALSE",NA,"FALSE",NA,"NULL"
113138,113155,"113138:113155","GCACAAGCCCGCCCGCCT",18,77.78,238.34,2.38,0,35.29,0.29,"FALSE",NA,"FALSE",NA,"NULL"
114441,114458,"114441:114458","TCTGAGGCACGTACACAG",18,55.56,514.23,2.71,5.88,11.76,0.8,"FALSE",NA,"FALSE",NA,"NULL"
116508,116527,"116508:116527","CTGTAAGGGCGCACACCACT",20,60,644.79,2.81,5.26,15.79,0.67,"FALSE",NA,"FALSE",NA,"NULL"
116819,116834,"116819:116834","CCACGTAGACGCGGGC",16,75,230.6,2.36,6.67,33.33,0.33,"FALSE",NA,"FALSE",NA,"NULL"
117723,117738,"117723:117738","GCGCCTTCGTGCACAC",16,68.75,303.31,2.48,0,33.33,0.45,"FALSE",NA,"FALSE",NA,"NULL"
118768,118781,"118768:118781","GCGTGTGCCATCGC",14,71.43,228.79,2.36,7.69,38.46,0.4,"FALSE",NA,"FALSE",NA,"NULL"
120214,120235,"120214:120235","CATCATCACACGCATGCGTGAT",22,50,11311.51,4.05,19.05,19.05,1,"FALSE",NA,"FALSE",NA,"CACGCATGCGTG"
122472,122497,"122472:122497","CCACCGACACACGCACGGCACGGGTG",26,73.08,1711.77,3.23,0,24,0.37,"FALSE",NA,"FALSE",NA,"NULL"
122694,122714,"122694:122714","CGAGGCCGCACATGTGGGCAT",21,66.67,951.69,2.98,10,25,0.5,"FALSE",NA,"FALSE",NA,"CACATGTG"
122757,122772,"122757:122772","GCACATCCGCATGCCC",16,68.75,321.14,2.51,13.33,26.67,0.45,"FALSE",NA,"FALSE",NA,"NULL"
123770,123786,"123770:123786","GTATGGGCGGGTGTGTG",17,64.71,293.62,2.47,12.5,12.5,0.55,"FALSE",NA,"FALSE",NA,"NULL"
124189,124211,"124189:124211","CGTACGCATCACGCGCCCGTAGC",23,69.57,1472.61,3.17,13.64,40.91,0.44,"FALSE",NA,"FALSE",NA,"NULL"
126866,126885,"126866:126885","TCTCGAGTGCACGGGCAGAC",20,65,370.18,2.57,0,21.05,0.54,"FALSE",NA,"FALSE",NA,"NULL"
127141,127163,"127141:127163","CCGACACGAGTGCGCGCTTCTGG",23,69.57,2293.36,3.36,0,31.82,0.44,"FALSE",NA,"FALSE",NA,"NULL"
129616,129633,"129616:129633","ACCTCAGCGCGTACTCCT",18,61.11,409.71,2.61,5.88,23.53,0.64,"FALSE",NA,"FALSE",NA,"NULL"
130313,130329,"130313:130329","GCTGTGTGGCCGCGTGT",17,70.59,261.58,2.42,0,31.25,0.42,"FALSE",NA,"FALSE",NA,"NULL"
131894,131913,"131894:131913","TAAACTCGCGCCCATGGGCG",20,65,1263.22,3.1,10.53,31.58,0.54,"FALSE",NA,"FALSE",NA,"CGCCCATGGGCG"
132211,132228,"132211:132228","TGGTGTGCGGGTGCTGGT",18,66.67,995.73,3,0,17.65,0.5,"FALSE",NA,"FALSE",NA,"NULL"
132656,132671,"132656:132671","GTAAGCGAGCGCACCT",16,62.5,288.7,2.46,6.67,33.33,0.6,"FALSE",NA,"FALSE",NA,"NULL"
133215,133233,"133215:133233","ACTCACTGCGCGTGTCCCC",19,68.42,728.06,2.86,0,22.22,0.46,"FALSE",NA,"FALSE",NA,"NULL"
133670,133689,"133670:133689","ATGCAGCGGCGCGTGTTCCC",20,70,432.4,2.64,5.26,36.84,0.43,"FALSE",NA,"FALSE",NA,"NULL"
134003,134018,"134003:134018","AAGGAAGCGCGCCAGT",16,62.5,210.24,2.32,0,33.33,0.6,"TRUE","AGCGCGCC","FALSE",NA,"NULL"
134228,134241,"134228:134241","AACCTGCGCGTAGG",14,64.29,271.75,2.43,7.69,30.77,0.56,"FALSE",NA,"FALSE",NA,"NULL"
134656,134679,"134656:134679","GCTGGCGGCGCGCACACAGCTGCG",24,79.17,6651.82,3.82,0,47.83,0.26,"FALSE",NA,"FALSE",NA,"NULL"
134991,135008,"134991:135008","CGTAGTCGTGCGCATCCG",18,66.67,966.86,2.99,11.76,35.29,0.5,"FALSE",NA,"FALSE",NA,"NULL"
135219,135230,"135219:135230","GCGCCCTGCGCA",12,83.33,301.88,2.48,0,54.55,0.2,"FALSE",NA,"FALSE",NA,"NULL"
135234,135262,"135234:135262","CAAGCTGCGCCCACACACATGCACAGACG",29,62.07,2087.74,3.32,3.57,21.43,0.61,"FALSE",NA,"FALSE",NA,"NULL"
135584,135614,"135584:135614","GTCATTCGCGCGTCATCCCCGCGCACCCCCA",31,70.97,397.05,2.6,6.67,30,0.41,"FALSE",NA,"FALSE",NA,"NULL"
135675,135692,"135675:135692","TGGAGCGCCCGGACGCCC",18,83.33,646.67,2.81,0,35.29,0.2,"TRUE","AGCGCC,GACGCC","FALSE",NA,"NULL"
136686,136707,"136686:136707","ACGCCGGGCCCGCGGGCGGGGA",22,90.91,1171.67,3.07,0,42.86,0.1,"FALSE",NA,"FALSE",NA,"CGGGCCCG, GCCCGCGGGC"
137187,137202,"137187:137202","CACCCCCGGGCACACA",16,75,221.25,2.34,0,13.33,0.33,"FALSE",NA,"FALSE",NA,"NULL"
137901,137918,"137901:137918","GTAACCTGCATGCGCAAG",18,55.56,768.32,2.89,11.76,23.53,0.8,"FALSE",NA,"FALSE",NA,"NULL"
138135,138150,"138135:138150","AGCACCTGCATGGGCG",16,68.75,268.67,2.43,6.67,26.67,0.45,"FALSE",NA,"FALSE",NA,"NULL"
138857,138871,"138857:138871","CTCACACGTGCCCTC",15,66.67,222.56,2.35,0,14.29,0.5,"FALSE",NA,"FALSE",NA,"NULL"
139800,139817,"139800:139817","TAGAGTGGGTGTGTGCTC",18,55.56,412.29,2.62,5.88,5.88,0.8,"FALSE",NA,"FALSE",NA,"NULL"
140245,140262,"140245:140262","GGAAAGGCACGTGCCCTT",18,61.11,617.73,2.79,0,17.65,0.64,"FALSE",NA,"FALSE",NA,"GGCACGTGCC"
140674,140689,"140674:140689","AAACCACATACACGTG",16,43.75,352.73,2.55,13.33,6.67,1.29,"FALSE",NA,"FALSE",NA,"NULL"
143384,143397,"143384:143397","AGGTGTGCACCCCC",14,71.43,258.63,2.41,0,7.69,0.4,"FALSE",NA,"FALSE",NA,"NULL"
144071,144086,"144071:144086","GCACCCCGCGTGCCTT",16,75,380.84,2.58,0,33.33,0.33,"FALSE",NA,"FALSE",NA,"NULL"
144660,144677,"144660:144677","TAATGGGCGCCCGCCTTC",18,66.67,453.9,2.66,11.76,29.41,0.5,"TRUE","GGCGCC","FALSE",NA,"GGGCGCCC"
144768,144789,"144768:144789","GTCATGCACACCTGCACACCTG",22,59.09,684.05,2.84,4.76,9.52,0.69,"FALSE",NA,"FALSE",NA,"NULL"
147400,147421,"147400:147421","GGGCTGGTGCGGACGCCTGTGT",22,72.73,508.4,2.71,0,23.81,0.38,"TRUE","GACGCC","FALSE",NA,"NULL"
148005,148020,"148005:148020","GGGCCCGCTTGTGCGC",16,81.25,307.25,2.49,0,40,0.23,"FALSE",NA,"FALSE",NA,"NULL"
148795,148810,"148795:148810","GGGATCTGGACGCGCG",16,75,457.11,2.66,6.67,33.33,0.33,"FALSE",NA,"FALSE",NA,"NULL"
149132,149153,"149132:149153","GGCAGCGTGAGCGCGCAGCCCT",22,77.27,1886.73,3.28,0,42.86,0.29,"FALSE",NA,"FALSE",NA,"NULL"
149686,149701,"149686:149701","AAATGGGGGCGTGTGC",16,62.5,681.55,2.83,6.67,20,0.6,"FALSE",NA,"FALSE",NA,"NULL"
150168,150179,"150168:150179","CGCGGACGTATG",12,66.67,207.51,2.32,18.18,36.36,0.5,"FALSE",NA,"FALSE",NA,"NULL"
150542,150568,"150542:150568","GGGCGGTCCACACGCGCGGGCGCAGCA",27,81.48,42709.68,4.63,0,42.31,0.23,"FALSE",NA,"FALSE",NA,"NULL"
150969,150980,"150969:150980","GCCCGCGGACGC",12,91.67,608.41,2.78,0,54.55,0.09,"FALSE",NA,"FALSE",NA,"NULL"
151168,151183,"151168:151183","GGGGGCGGGCCCGCAT",16,87.5,337.11,2.53,6.67,33.33,0.14,"FALSE",NA,"FALSE",NA,"GCGGGCCCGC"
151412,151431,"151412:151431","ACATGGGAGCGTGCACCTGG",20,65,462.63,2.67,5.26,15.79,0.54,"FALSE",NA,"FALSE",NA,"NULL"
152084,152102,"152084:152102","GACGGCCGTGTGCATGCCT",19,68.42,663.38,2.82,5.56,27.78,0.46,"FALSE",NA,"FALSE",NA,"ACGGCCGT"
152550,152567,"152550:152567","GATTTAGTGCACGCATCT",18,44.44,615.95,2.79,17.65,17.65,1.25,"FALSE",NA,"FALSE",NA,"NULL"
153754,153774,"153754:153774","CAGGTCGAGCACGCGCCGGCA",21,76.19,1666.54,3.22,0,40,0.31,"FALSE",NA,"FALSE",NA,"NULL"
153775,153786,"153775:153786","GCGTGTCTGCAC",12,66.67,283.69,2.45,0,27.27,0.5,"FALSE",NA,"FALSE",NA,"NULL"
154061,154078,"154061:154078","AGGGGCGCCCAGGCGTCC",18,83.33,269.03,2.43,0,29.41,0.2,"TRUE","GGCGCC,GGCGTC","FALSE",NA,"GGGCGCCC"
154230,154248,"154230:154248","CGGCGTTGCACGTGCACTT",19,63.16,1537.21,3.19,0,33.33,0.58,"TRUE","GGCGTT","FALSE",NA,"TGCACGTGCA"
154365,154385,"154365:154385","AGGACTCGTGCACGTGCTTCT",21,57.14,1658.69,3.22,0,20,0.75,"FALSE",NA,"FALSE",NA,"CGTGCACG, GCACGTGC"
154436,154447,"154436:154447","CCCGGGCGCAGG",12,91.67,203.37,2.31,0,36.36,0.09,"FALSE",NA,"FALSE",NA,"NULL"
154704,154715,"154704:154715","GCACCCGCCTGC",12,83.33,217.65,2.34,0,36.36,0.2,"FALSE",NA,"FALSE",NA,"NULL"
155633,155646,"155633:155646","CACGTGGCCACGTG",14,71.43,234.13,2.37,0,23.08,0.4,"FALSE",NA,"FALSE",NA,"CACGTGGCCACGTG"
155817,155834,"155817:155834","CCTGAGGCGCGCTGGCGT",18,77.78,332.52,2.52,0,41.18,0.29,"TRUE","GGCGCGCT","FALSE",NA,"NULL"
155856,155877,"155856:155877","ACACGTTCACACACACGCTGGC",22,59.09,592.34,2.77,0,19.05,0.69,"FALSE",NA,"FALSE",NA,"NULL"
155962,155984,"155962:155984","GCATTTCTCGTGCGTGTACACCG",23,56.52,1743.11,3.24,9.09,22.73,0.77,"FALSE",NA,"FALSE",NA,"GTGTACAC"
156060,156073,"156060:156073","GGGCACGCTGGCGC",14,85.71,227.44,2.36,0,46.15,0.17,"FALSE",NA,"FALSE",NA,"NULL"
156587,156607,"156587:156607","ACATCTGGCGCGTGCGCCTCG",21,71.43,21076.7,4.32,5,40,0.4,"FALSE",NA,"FALSE",NA,"NULL"
157269,157290,"157269:157290","GTTAACGGGCACGCACTGGGAG",22,63.64,1456.64,3.16,4.76,19.05,0.57,"FALSE",NA,"FALSE",NA,"NULL"
157413,157431,"157413:157431","GCACCAGGCCCGCGCAAGG",19,78.95,366.87,2.56,0,33.33,0.27,"FALSE",NA,"FALSE",NA,"NULL"
158390,158413,"158390:158413","GGTCTACATACACGCGCGTCAGCC",24,62.5,4084.74,3.61,13.04,26.09,0.6,"FALSE",NA,"FALSE",NA,"ACGCGCGT"
158640,158653,"158640:158653","CTCCCGCGTGCCAA",14,71.43,234.59,2.37,0,30.77,0.4,"FALSE",NA,"FALSE",NA,"NULL"
159003,159018,"159003:159018","TGACCGCGTCCGCCCG",16,81.25,488.9,2.69,0,40,0.23,"FALSE",NA,"FALSE",NA,"NULL"
159327,159349,"159327:159349","TGTGCGTCAGCGCGTGCAGGTGC",23,69.57,4424.55,3.65,0,36.36,0.44,"FALSE",NA,"FALSE",NA,"NULL"
159412,159433,"159412:159433","ACCCTCGCCGGCGCGCCTGTCC",22,81.82,546.86,2.74,0,38.1,0.22,"TRUE","GGCGCGCC","FALSE",NA,"CGCCGGCG, GGCGCGCC"
159471,159490,"159471:159490","AGTGGTTGCGCATGCGGGCC",20,70,2300.77,3.36,5.26,31.58,0.43,"FALSE",NA,"FALSE",NA,"CGCATGCG"
159511,159531,"159511:159531","CCCCCAGACGCGCAGGCACAG",21,76.19,1061.13,3.03,0,25,0.31,"FALSE",NA,"FALSE",NA,"NULL"
159749,159763,"159749:159763","AGCCGCGTGTACAGC",15,66.67,317.66,2.5,7.14,35.71,0.5,"FALSE",NA,"FALSE",NA,"NULL"
160719,160738,"160719:160738","GGGCGCTGCATGCACGGTCA",20,70,487.17,2.69,5.26,31.58,0.43,"TRUE","GGCGCT","FALSE",NA,"TGCATGCA"
160834,160854,"160834:160854","CAGCCGGGTGCACACGCTCAG",21,71.43,2160.91,3.33,0,25,0.4,"FALSE",NA,"FALSE",NA,"NULL"
160866,160877,"160866:160877","GGGCGTACACCT",12,66.67,213.98,2.33,9.09,18.18,0.5,"FALSE",NA,"FALSE",NA,"NULL"
161231,161242,"161231:161242","AGGCGCATGCCT",12,66.67,240.24,2.38,9.09,36.36,0.5,"FALSE",NA,"FALSE",NA,"NULL"
161686,161706,"161686:161706","TCCACCGCCCGCGTGCCCAGT",21,76.19,2094.43,3.32,0,30,0.31,"FALSE",NA,"FALSE",NA,"NULL"
161716,161732,"161716:161732","TAGTCACGGGCGGGCAC",17,70.59,335.95,2.53,6.25,25,0.42,"FALSE",NA,"FALSE",NA,"NULL"
162179,162204,"162179:162204","CCTTGGACATGCGCACAGGCAGCCGC",26,69.23,1147.73,3.06,4,28,0.44,"FALSE",NA,"FALSE",NA,"NULL"
163308,163327,"163308:163327","GATCTGCGTGGACACGTGGG",20,65,726.99,2.86,5.26,15.79,0.54,"FALSE",NA,"FALSE",NA,"NULL"
163453,163464,"163453:163464","GCGGGTGCGTAG",12,75,347.2,2.54,9.09,36.36,0.33,"FALSE",NA,"FALSE",NA,"NULL"
163476,163489,"163476:163489","CTCGCATGCCGCGC",14,78.57,268.85,2.43,7.69,53.85,0.27,"FALSE",NA,"FALSE",NA,"NULL"
163630,163653,"163630:163653","CGGACGCGCAGCGCCTGCGCCAGC",24,83.33,630.42,2.8,0,52.17,0.2,"TRUE","AGCGCC","FALSE",NA,"GCGCAGCGC"
163664,163681,"163664:163681","GCGCCTCGTGCATGCAGC",18,72.22,505.15,2.7,5.88,41.18,0.38,"FALSE",NA,"FALSE",NA,"TGCATGCA"
163716,163727,"163716:163727","GGGCACGCCCTC",12,83.33,222.12,2.35,0,27.27,0.2,"FALSE",NA,"FALSE",NA,"NULL"
164065,164080,"164065:164080","GCGCGTAGGAGCCCGC",16,81.25,205.9,2.31,6.67,46.67,0.23,"FALSE",NA,"FALSE",NA,"NULL"
164252,164263,"164252:164263","CGCACGGACCCG",12,83.33,223,2.35,0,36.36,0.2,"FALSE",NA,"FALSE",NA,"NULL"
164641,164662,"164641:164662","TTGTACACTGCGCGCAGGACGC",22,63.64,841.11,2.92,4.76,33.33,0.57,"FALSE",NA,"FALSE",NA,"CTGCGCGCAG"
164668,164689,"164668:164689","ATGAGCCGTACGTGCGTGTCTT",22,54.55,2890.86,3.46,9.52,23.81,0.83,"FALSE",NA,"FALSE",NA,"NULL"
164820,164831,"164820:164831","CGCGTACATGGC",12,66.67,275.23,2.44,18.18,36.36,0.5,"FALSE",NA,"FALSE",NA,"NULL"
165221,165238,"165221:165238","TTATTGGGCGCATGCACC",18,55.56,1270.04,3.1,17.65,23.53,0.8,"FALSE",NA,"FALSE",NA,"NULL"
166127,166140,"166127:166140","ATGGGCGCGGGTCC",14,78.57,213,2.33,7.69,30.77,0.27,"FALSE",NA,"FALSE",NA,"NULL"
169188,169208,"169188:169208","GGCGGTGTGTGTGTGCATGTA",21,57.14,2044.79,3.31,10,15,0.75,"FALSE",NA,"FALSE",NA,"NULL"
169377,169398,"169377:169398","AAGAGGCGCGGGGCGCGCAACG",22,77.27,2355.22,3.37,0,47.62,0.29,"FALSE",NA,"FALSE",NA,"NULL"
169729,169742,"169729:169742","GGCGGGCGGGCGGC",14,100,301.88,2.48,0,53.85,0,"FALSE",NA,"FALSE",NA,"NULL"
169817,169848,"169817:169848","CGGGGGGCGCCGCGCGGGCGCAGCCATGCGTG",32,87.5,10616.46,4.03,3.23,48.39,0.14,"TRUE","GGCGCC","FALSE",NA,"GCGCCGCGC, CCGCGCGG"
169909,169926,"169909:169926","GCGCGGGAGCCTGCACGC",18,83.33,278.77,2.45,0,47.06,0.2,"FALSE",NA,"FALSE",NA,"NULL"
169970,169986,"169970:169986","CGCGCCCCCGGCCGCGC",17,100,482.01,2.68,0,62.5,0,"FALSE",NA,"FALSE",NA,"NULL"
170267,170280,"170267:170280","GGCGGGCGGGCGGC",14,100,301.88,2.48,0,53.85,0,"FALSE",NA,"FALSE",NA,"NULL"
170355,170386,"170355:170386","CGGGGGGCGCCGCGCGGGCGCAGCCATGCGTG",32,87.5,10616.46,4.03,3.23,48.39,0.14,"TRUE","GGCGCC","FALSE",NA,"GCGCCGCGC, CCGCGCGG"
170447,170464,"170447:170464","GCGCGGGAGCCTGCACGC",18,83.33,278.77,2.45,0,47.06,0.2,"FALSE",NA,"FALSE",NA,"NULL"
170508,170524,"170508:170524","CGCGCCCCCGGCCGCGC",17,100,482.01,2.68,0,62.5,0,"FALSE",NA,"FALSE",NA,"NULL"
170790,170803,"170790:170803","GGCGGGCGGGCGGC",14,100,301.88,2.48,0,53.85,0,"FALSE",NA,"FALSE",NA,"NULL"
170878,170909,"170878:170909","CGGGGGGCGCCGCGCGGGCGCAGCCATGCGTG",32,87.5,10616.46,4.03,3.23,48.39,0.14,"TRUE","GGCGCC","FALSE",NA,"GCGCCGCGC, CCGCGCGG"
170970,170987,"170970:170987","GCGCGGGAGCCTGCACGC",18,83.33,278.77,2.45,0,47.06,0.2,"FALSE",NA,"FALSE",NA,"NULL"
171031,171047,"171031:171047","CGCGCCCCCGGCCGCGC",17,100,482.01,2.68,0,62.5,0,"FALSE",NA,"FALSE",NA,"NULL"
171328,171341,"171328:171341","GGCGGGCGGGCGGC",14,100,301.88,2.48,0,53.85,0,"FALSE",NA,"FALSE",NA,"NULL"
171416,171447,"171416:171447","CGGGGGGCGCCGCGCGGGCGCAGCCATGCGTG",32,87.5,10616.46,4.03,3.23,48.39,0.14,"TRUE","GGCGCC","FALSE",NA,"GCGCCGCGC, CCGCGCGG"
171508,171525,"171508:171525","GCGCGGGAGCCTGCACGC",18,83.33,278.77,2.45,0,47.06,0.2,"FALSE",NA,"FALSE",NA,"NULL"
171569,171585,"171569:171585","CGCGCCCCCGGCCGCGC",17,100,482.01,2.68,0,62.5,0,"FALSE",NA,"FALSE",NA,"NULL"
